Año;mes;Agropecuario y pesca;Manufactura;Comercio;Construcción;Minería y canteras;Servicios;"No 
especificado"
2015;ENE.;220,237;499,074;533,136;216,158;111,319;1,547,500;2,931
2015;FEB.;201,458;492,879;533,642;216,063;111,152;1,560,301;3,016
2015;MAR.;187,442;491,490;536,425;215,902;111,326;1,624,342;3,128
2015;ABR.;191,167;493,067;536,826;215,775;110,893;1,660,939;3,116
2015;MAY.;195,467;476,044;538,287;219,934;110,004;1,676,276;3,214
2015;JUN.;200,788;471,531;534,489;212,351;109,011;1,669,796;3,246
2015;JUL.;215,866;479,916;540,284;222,066;110,900;1,700,708;3,590
2015;AGO.;236,645;495,468;543,278;221,438;109,841;1,694,402;3,820
2015;SET.;240,396;507,216;546,218;222,226;109,853;1,725,516;4,252
2015;OCT.;242,939;512,743;548,689;219,567;108,926;1,733,720;4,780
2015;NOV.;255,364;505,972;552,186;211,475;107,862;1,735,259;5,203
2015;DIC.;257,090;501,485;559,091;199,244;105,954;1,728,390;5,429
2016;ENE.;242,931;499,183;551,759;189,987;101,893;1,620,106;5,734
2016;FEB.;213,636;492,062;551,745;189,419;101,316;1,630,397;6,249
2016;MAR.;193,598;488,753;552,754;186,518;100,750;1,705,686;6,650
2016;ABR.;187,151;489,318;554,836;184,505;99,233;1,726,774;6,932
2016;MAY.;195,366;480,020;558,445;184,772;98,671;1,740,316;7,274
2016;JUN.;214,988;479,976;557,631;184,630;100,003;1,743,028;7,942
2016;JUL.;233,570;487,016;558,907;179,804;99,728;1,743,783;8,282
2016;AGO.;250,339;499,883;563,582;182,883;100,631;1,737,351;8,970
2016;SET.;258,209;511,237;564,812;185,113;101,204;1,760,315;9,591
2016;OCT.;260,622;519,055;567,689;187,990;101,705;1,768,273;9,945
2016;NOV.;274,691;521,093;572,187;187,784;101,464;1,776,709;10,444
2016;DIC.;269,675;510,096;578,334;183,873;101,068;1,761,229;10,914
2017;ENE.;263,318;502,890;565,910;174,861;100,010;1,645,097;12,085
2017;FEB.;233,309;490,820;561,927;170,727;101,512;1,645,664;14,319
2017;MAR.;218,381;457,693;552,779;158,319;96,208;1,633,378;16,410
2017;ABR.;211,356;474,748;559,431;165,928;103,665;1,734,290;16,097
2017;MAY.;208,735;467,051;561,240;174,069;105,431;1,748,569;18,081
2017;JUN.;216,836;463,380;563,030;177,830;105,881;1,754,541;18,885
2017;JUL.;225,873;465,399;564,045;179,445;106,258;1,754,579;19,644
2017;AGO.;244,299;465,662;568,936;183,456;106,950;1,762,266;20,846
2017;SET.;253,201;506,728;571,679;186,623;107,528;1,776,558;21,466
2017;OCT.;259,749;517,825;576,091;186,337;108,133;1,784,346;21,597
2017;NOV.;281,361;524,519;584,751;194,711;109,095;1,800,047;24,950
2017;DIC.;286,437;507,006;588,868;189,758;107,999;1,803,876;22,373
2018;ENE.;297,005;513,138;582,097;180,036;105,599;1,700,388;22,577
2018;FEB.;246,393;505,482;578,759;178,854;105,040;1,701,008;22,112
2018;MAR.;224,615;512,572;581,195;178,839;105,280;1,787,073;22,968
2018;ABR.;223,430;507,000;581,285;179,970;105,421;1,817,401;23,952
2018;MAY.;234,881;498,598;580,824;185,444;105,783;1,830,589;24,293
2018;JUN.;238,053;487,143;573,959;178,114;104,458;1,813,466;23,890
2018;JUL.;269,043;499,897;581,965;187,267;107,103;1,840,281;25,351
2018;AGO.;304,666;511,119;582,116;187,548;106,291;1,838,964;24,696
2018;SET.;320,609;517,807;583,053;189,049;104,663;1,849,926;24,331
2018;OCT.;316,646;522,007;582,435;190,384;104,433;1,849,987;23,108
2018;NOV.;341,726;534,991;592,506;202,801;103,602;1,890,365;17,354
2018;DIC.;332,856;518,652;586,031;191,278;104,107;1,841,938;22,261
2019;ENE.;347,566;528,093;592,044;188,265;102,931;1,778,468;21,123
2019;FEB.;283,835;515,644;587,672;182,409;102,919;1,779,648;20,895
2019;MAR.;250,104;488,798;577,600;180,795;99,209;1,842,057;21,608
2019;ABR.;232,137;498,146;587,132;184,284;103,200;1,886,112;20,497
2019;MAY.;247,406;498,591;590,293;196,730;103,907;1,907,911;20,573
2019;JUN.;262,154;499,163;591,220;202,547;104,525;1,918,116;21,127
2019;JUL.;285,593;507,927;595,408;203,589;105,372;1,927,503;20,023
2019;AGO.;306,030;519,246;598,528;206,475;106,404;1,930,517;20,618
2019;SET.;340,333;532,955;597,382;206,625;106,437;1,948,147;21,621
2019;OCT.;349,943;541,493;603,017;214,463;105,888;1,959,530;19,980
2019;NOV.;369,948;548,338;607,993;216,010;104,799;1,966,937;20,703
2019;DIC.;374,280;535,654;614,719;210,502;104,544;1,956,188;19,805
2020;ENE.;385,525;532,673;612,250;208,128;103,383;1,852,304;19,174
2020;FEB.;306,850;516,248;609,833;205,685;103,696;1,857,901;18,740
2020;MAR.;257,959;502,465;601,244;188,248;102,654;1,874,990;18,520
2020;ABR.;225,205;439,841;546,216;107,897;95,966;1,636,584;15,928
2020;MAY.;241,772;413,391;502,453;78,850;87,747;1,471,446;15,223
2020;JUN.;275,001;431,501;515,315;99,628;86,636;1,489,326;13,798
2020;JUL.;314,716;462,153;540,671;135,314;89,486;1,562,467;14,932
2020;AGO.;348,711;492,176;549,196;158,599;90,806;1,580,843;15,631
2020;SET.;387,983;503,904;550,790;178,797;94,463;1,601,346;16,801
2020;OCT.;407,001;534,747;563,305;201,102;97,568;1,645,043;17,652
2020;NOV.;414,778;537,000;576,398;214,297;99,241;1,670,077;18,373
2020;DIC.;399,420;508,101;585,667;213,878;99,214;1,692,756;19,604
2021;ENE.;381,793;503,738;562,790;206,802;95,515;1,618,156;21,038
2021;FEB.;310,291;486,333;567,467;201,636;98,910;1,593,318;22,320
2021;MAR.;256,897;494,980;579,197;207,693;101,428;1,684,029;25,241
2021;ABR.;253,952;487,339;583,734;212,872;103,066;1,725,061;27,184
2021;MAY.;263,953;487,852;586,704;218,096;105,348;1,743,859;28,640
2021;JUN.;286,942;488,313;588,895;222,580;105,697;1,757,473;30,517
2021;JUL.;318,390;499,509;595,236;223,679;106,797;1,775,584;31,337
2021;AGO.;386,243;518,558;604,304;227,964;107,814;1,799,832;32,001
2021;SET.;443,627;531,473;597,557;223,519;106,616;1,740,087;31,739
2021;OCT.;457,322;559,113;617,684;235,438;110,075;1,857,753;31,333
2021;NOV.;487,552;578,463;611,192;233,756;110,158;1,868,754;33,546
2021;DIC.;426,098;549,057;632,122;223,199;108,997;1,879,956;35,808
2022;ENE.;420,076;553,296;629,056;211,565;106,577;1,810,609;39,498
2022;FEB.;336,874;539,657;627,180;210,763;107,213;1,824,791;41,409
2022;MAR.;288,667;536,402;628,919;211,455;107,591;1,892,388;43,602
2022;ABR.;270,720;516,826;631,067;213,171;108,572;1,933,738;47,708
2022;MAY.;279,129;506,335;634,894;220,070;110,445;1,958,942;48,366
2022;JUN.;286,471;477,371;623,963;210,463;108,681;1,935,159;47,663
2022;JUL.;327,842;519,691;639,886;220,025;113,618;1,982,784;51,713
2022;AGO.;395,525;545,990;642,791;222,383;113,881;1,992,787;54,010
2022;SET.;438,884;566,022;646,551;225,524;114,498;2,016,266;55,597
2022;OCT.;424,544;580,304;654,960;228,745;115,004;2,033,115;57,671
2022;NOV.;483,639;609,600;665,935;231,794;115,862;2,076,365;60,461
2022;DIC.;437,470;570,670;666,915;215,785;113,208;2,031,399;59,614
2023;ENE.;427,670;566,781;659,482;197,212;111,229;1,924,439;60,824
2023;FEB.;362,565;552,014;653,564;190,904;111,686;1,922,696;61,506
2023;MAR.;300,950;538,175;659,589;191,837;113,819;2,019,464;64,196
2023;ABR.;266,935;523,138;656,676;190,192;115,628;2,052,151;65,498
2023;MAY.;271,547;513,780;660,759;195,558;117,331;2,073,199;66,786
2023;JUN.;296,535;514,406;665,864;201,609;118,950;2,089,627;69,313
2023;JUL.;322,020;520,310;667,200;204,761;119,905;2,085,898;71,133
2023;AGO.;366,435;531,106;671,639;210,077;120,238;2,084,248;73,456
2023;SET.;377,263;532,964;673,293;214,992;121,142;2,109,018;75,778
2023;OCT.;397,290;543,393;676,344;218,632;122,483;2,113,867;76,261
2023;NOV.;424,144;554,129;684,935;224,235;124,120;2,153,610;79,576
2023;DIC.;396,000;534,556;685,681;214,422;121,664;2,093,560;78,731
2024;ENE.;378,835;529,785;678,850;205,141;121,494;1,975,110;81,450
2024;FEB.;297,993;510,269;673,515;202,013;120,055;1,964,841;103,754
2024;MAR.;254,372;502,732;675,545;203,682;120,919;2,048,090;113,091
2024;ABR.;243,243;494,975;674,752;208,407;115,804;2,091,277;121,574
2024;MAY.;252,312;496,352;676,059;217,242;116,989;2,097,916;129,934
2024;JUN.;275,338;501,852;676,522;219,857;117,449;2,098,224;139,429
2024;JUL.;324,825;517,173;674,745;221,284;117,959;2,101,356;157,880
2024;AGO.;352,375;528,221;676,859;222,485;118,855;2,097,834;163,264
2024;SET.;426,084;560,177;678,415;223,339;119,815;2,123,736;171,422
2024;OCT.;479,639;581,159;683,263;225,668;120,089;2,148,038;179,213
2024;NOV.;504,899;579,761;689,238;226,096;120,628;2,137,945;186,194
2024;DIC.;472,590;567,312;693,836;217,003;120,403;2,132,180;188,491
2025;ENE.;463,296;577,009;690,806;211,634;122,251;2,063,468;196,613
2025;FEB.;351,614;540,265;685,622;209,988;121,589;2,024,897;202,853
2025;MAR.;303,483;524,368;688,056;211,950;122,913;2,121,254;212,625
2025;ABR.;270,400;516,608;686,610;213,666;123,454;2,155,275;218,480
2025;MAY.;284,911;516,112;687,368;221,228;123,903;2,167,872;222,416
2025;JUN.;319,967;522,962;687,823;226,898;125,400;2,169,978;229,630
2025;JUL.;373,124;540,416;692,674;229,344;126,208;2,173,744;237,953
2025;AGO.;428,397;554,092;693,060;230,962;127,868;2,175,696;244,331
2025;SET.;491,779;565,888;700,178;231,315;128,946;2,208,349;245,227
2025;OCT.;514,788;567,631;703,365;233,327;130,048;2,218,413;248,577
2025;NOV.;535,346;594,650;715,850;241,098;131,356;2,245,373;183,630
2025;DIC.;518,749;574,480;722,516;230,687;131,844;2,230,392;192,927
2026;ENE.;519,220;585,391;720,227;227,709;132,044;2,159,304;199,505
